{
  "location": {
    "name": "London",
    "region": "City of London, Greater London",
    "country": "United Kingdom",
    "lat": 51.52,
    "lon": -0.11,
    "tz_id": "Europe/London",
    "localtime_epoch": 1706882804,
    "localtime": "2024-02-02 14:06"
  },
  "current": {
    "last_updated_epoch": 1706882400,
    "last_updated": "2024-02-02 14:00",
    "temp_c": 13.0,
    "temp_f": 55.4,
    "is_day": 1,
    "condition": {
      "text": "Partly cloudy",
      "icon": "//cdn.weatherapi.com/weather/64x64/day/116.png",
      "code": 1003
    },
    "wind_mph": 13.6,
    "wind_kph": 22.0,
    "wind_degree": 250,
    "wind_dir": "WSW",
    "pressure_mb": 1029.0,
    "pressure_in": 30.39,
    "precip_mm": 0.0,
    "precip_in": 0.0,
    "humidity": 77,
    "cloud": 75,
    "feelslike_c": 10.9,
    "feelslike_f": 51.7,
    "vis_km": 10.0,
    "vis_miles": 6.0,
    "uv": 3.0,
    "gust_mph": 20.8,
    "gust_kph": 33.4
  }
}
